ENTRY 	 FIGHTER_AI_PLAYER_MAX 	 8
ENTRY 	 FIGHTER_AI_FIGHTER_MAX 	 0x10
...
ENTRY 	 FIGHTER_AI_ENEMY_INDEX 	 0x10
ENTRY 	 FIGHTER_AI_OBJECT_MAX 	 0x11
...
ENTRY 	 FIGHTER_AI_INPUT_BUFFER_MAX 	 0x10
ENTRY 	 FIGHTER_AI_MARK_WEAPON_MAX 	 4
ENTRY 	 FIGHTER_AI_ENEMY_MAX 	 10
ENTRY 	 FIGHTER_AI_CP_RANK_MAX 	 100
...
ENTRY 	 FIGHTER_AI_CP_LEVEL_9 	 100
ENTRY 	 FIGHTER_AI_CP_LEVEL_8 	 0x4b
...
ENTRY 	 FIGHTER_AI_CP_LEVEL_7 	 0x3c
ENTRY 	 FIGHTER_AI_CP_LEVEL_6 	 0x30
...
ENTRY 	 FIGHTER_AI_CP_LEVEL_5 	 0x2a
ENTRY 	 FIGHTER_AI_CP_LEVEL_4 	 0x1f
...
ENTRY 	 FIGHTER_AI_CP_LEVEL_3 	 0x15
ENTRY 	 FIGHTER_AI_CP_LEVEL_2 	 0xf
...
ENTRY 	 FIGHTER_AI_CP_LEVEL_1 	 0
ENTRY 	 FIGHTER_AI_ITEM_PRIORITY_MAX 	 8
...
ENTRY 	 FIGHTER_AI_ITEM_PRIORITY_HIGH 	 4
...
TITLE 	 uParm1 	 FighterAICPType 	 0xfffffffd
ENTRY 	 CPU_NORMAL 	 0
ENTRY 	 CPU_STAY 	 1
ENTRY 	 CPU_WALK 	 2
ENTRY 	 CPU_JUMP 	 3
ENTRY 	 CPU_SQUAT 	 4
ENTRY 	 CPU_ESCAPE 	 5
ENTRY 	 CPU_CHICKEN 	 6
ENTRY 	 CPU_ATTACKNEAR 	 7
ENTRY 	 CPU_FREAK 	 8
ENTRY 	 CPU_COOPERATE 	 9
ENTRY 	 CPU_ITEM 	 10
ENTRY 	 CPU_ITEMLESS 	 0xb
ENTRY 	 CPU_ZAKO1 	 0xc
ENTRY 	 CPU_ZAKO2 	 0xd
ENTRY 	 CPU_ALLSTAR 	 0xe
ENTRY 	 CPU_STRONG_ZAKO1 	 0xf
ENTRY 	 CPU_STRONG_ZAKO2 	 0x10
ENTRY 	 CPU_METAL 	 0x11
ENTRY 	 CPU_GIANT 	 0x12
ENTRY 	 CPU_KOOPAG 	 0x13
ENTRY 	 CPU_ATTACKP1 	 0x14
ENTRY 	 CPU_ATTACKP2 	 0x15
ENTRY 	 CPU_ATTACKP3 	 0x16
ENTRY 	 CPU_ATTACKP4 	 0x17
ENTRY 	 CPU_TRAINING_SPECIAL 	 0x18
ENTRY 	 CPU_TRAINING_SMASH_S 	 0x19
ENTRY 	 CPU_APPEALER 	 0x1a
ENTRY 	 CPU_SHIELDER 	 0x1b
ENTRY 	 CPU_SWIMMER 	 0x1c
ENTRY 	 CPU_SHOOTER 	 0x1d
ENTRY 	 CPU_SWINGER 	 0x1e
ENTRY 	 CPU_KIRBY_COPY 	 0x1f
ENTRY 	 CPU_SMASH_F_LOW 	 0x20
ENTRY 	 CPU_SHAM 	 0x21
ENTRY 	 CPU_CHALLENGER 	 0x22
ENTRY 	 CPU_MANUAL 	 0x23
ENTRY 	 CPU_KIILADARZ1 	 0x24
ENTRY 	 CPU_KIILADARZ2 	 0x25
ENTRY 	 CPU_DEBUG 	 0x26
ENTRY 	 CPU_PARAM_MAX 	 0x27
ENTRY 	 CPU_SHD_KIRBY 	 0x28
ENTRY 	 CPU_TYPE_MAX 	 0x29
...
TITLE 	 uParm1 	 FighterAICPSlideType 	 0xfffffffd
ENTRY 	 MELEE_CP 	 0
ENTRY 	 &DAT_71035c2b1f 	 1
ENTRY 	 &DAT_71035b5134 	 2
ENTRY 	 STRONG 	 3
...
ENTRY 	 CP_FLAG_RUN 	 1
ENTRY 	 CP_FLAG_ATTACK 	 2
ENTRY 	 CP_FLAG_ATK_AIR 	 4
ENTRY 	 CP_FLAG_ATK_JUMP 	 8
ENTRY 	 CP_FLAG_SHOT 	 0x10
ENTRY 	 CP_FLAG_SHIELD 	 0x20
ENTRY 	 CP_FLAG_CHK_FT 	 0x40
ENTRY 	 CP_FLAG_CHK_ZONE 	 0x80
ENTRY 	 CP_FLAG_NEAR_FT 	 0x100
ENTRY 	 CP_FLAG_ROLL 	 0x200
ENTRY 	 CP_FLAG_PASSIVE 	 0x400
...
TITLE 	 uParm1 	 &DAT_71035b51e5 	 0xfffffffd
ENTRY 	 &DAT_71035c2b1f 	 0
ENTRY 	 ATTACK 	 1
ENTRY 	 DEFEND 	 2
ENTRY 	 RETURN 	 3
ENTRY 	 &DAT_71035b51f8 	 4
ENTRY 	 CHASE 	 5
ENTRY 	 REFUGE 	 6
ENTRY 	 LADDER 	 7
ENTRY 	 &DAT_71035b5211 	 8
ENTRY 	 DROP_CHS 	 9
ENTRY 	 DROP_GET 	 10
ENTRY 	 ITEM_SHOOT 	 0xb
ENTRY 	 DRAGOON 	 0xc
ENTRY 	 FINAL 	 0xd
ENTRY 	 HAMMER 	 0xe
ENTRY 	 CATCH 	 0xf
ENTRY 	 &DAT_71035b5242 	 0x10
ENTRY 	 RELAX 	 0x11
ENTRY 	 CENTER 	 0x12
ENTRY 	 ATTACK_ABS 	 0x13
ENTRY 	 DEFEND_ABS 	 0x14
ENTRY 	 STAGE_TGT_CHS 	 0x15
ENTRY 	 STAGE_TGT 	 0x16
ENTRY 	 STAGE_GIMMICK 	 0x17
ENTRY 	 FIREFLOWER 	 0x18
ENTRY 	 MEWTWO_THROWN 	 0x19
ENTRY 	 CHILD 	 0x1a
ENTRY 	 CHILD_CHS 	 0x1b
ENTRY 	 CHILD_DOWN 	 0x1c
ENTRY 	 CHILD_RET 	 0x1d
ENTRY 	 CHILD_LADDER 	 0x1e
ENTRY 	 CHILD_CATCH 	 0x1f
ENTRY 	 CHILD_SWIM 	 0x20
ENTRY 	 CHILD_PIYO 	 0x21
ENTRY 	 &DAT_71035b52f2 	 0x22
ENTRY 	 ACT_MASK_TYPE 	 0xf000
...
ENTRY 	 ACT_MASK_CLASS 	 0x7ff0
ENTRY 	 ACT_NULL 	 0
ENTRY 	 ACT_NEXT 	 1
...
ENTRY 	 ACT_A_GORO 	 &DAT_00001100
...
ENTRY 	 ACT_A_CATCH_ATK 	 &DAT_00001120
...
ENTRY 	 ACT_A_FINAL 	 &DAT_00001130
...
ENTRY 	 ACT_R_JUMP 	 &DAT_00002010
...
ENTRY 	 ACT_R_ACT_LAST 	 &DAT_00002040
ENTRY 	 ACT_COMBO 	 0x4010
...
ENTRY 	 ACT_REQ_NULL 	 0
ENTRY 	 ACT_C_REQ_G 	 0x6010
ENTRY 	 ACT_C_REQ_G_QUICK_RANGE_C 	 0x6011
ENTRY 	 ACT_C_REQ_G_QUICK_RANGE_S 	 0x6012
ENTRY 	 ACT_C_REQ_G_POWER_RANGE_S 	 0x6013
ENTRY 	 ACT_C_REQ_G_DASH 	 0x6014
ENTRY 	 ACT_C_REQ_G_LOWER 	 0x6015
ENTRY 	 ACT_C_REQ_G_SHOT_L 	 0x6016
ENTRY 	 ACT_C_REQ_G_TERM 	 0x6017
ENTRY 	 ACT_C_REQ_A 	 0x6020
ENTRY 	 ACT_C_REQ_A_NEAR 	 0x6021
ENTRY 	 ACT_C_REQ_A_F 	 0x6022
ENTRY 	 ACT_C_REQ_A_B 	 0x6023
ENTRY 	 ACT_C_REQ_A_U 	 0x6024
ENTRY 	 ACT_C_REQ_A_D 	 0x6025
ENTRY 	 ACT_C_REQ_A_METEOR 	 0x6026
ENTRY 	 ACT_C_REQ_G_GUARD_CANCEL 	 0x6027
ENTRY 	 ACT_C_REQ_G_JUMP_SUSTAIN 	 0x6028
ENTRY 	 ACT_C_REQ_G_FEINT 	 0x6029
ENTRY 	 ACT_C_REQ_A_FEINT 	 0x602a
ENTRY 	 ACT_C_REQ_A_TERM 	 0x602b
...
ENTRY 	 ACT_C_REQ_TERM 	 0x602b
ENTRY 	 ACT_C_REQ_NUM 	 0x10
...
ENTRY 	 ACT_C_NULL 	 0
ENTRY 	 ACT_C_GROUND 	 0x6030
ENTRY 	 ACT_C_G_ATK_N 	 0x6031
ENTRY 	 ACT_C_G_ATK_F 	 0x6032
ENTRY 	 ACT_C_G_ATK_U 	 0x6033
ENTRY 	 ACT_C_G_ATK_D 	 0x6034
ENTRY 	 ACT_C_G_SMASH_F 	 0x6035
ENTRY 	 ACT_C_G_SMASH_U 	 0x6036
ENTRY 	 ACT_C_G_SMASH_D 	 0x6037
ENTRY 	 ACT_C_G_BLOW_N 	 0x6038
ENTRY 	 ACT_C_G_BLOW_F 	 0x6039
ENTRY 	 ACT_C_G_BLOW_U 	 0x603a
ENTRY 	 ACT_C_G_BLOW_D 	 0x603b
ENTRY 	 ACT_C_G_CATCH 	 0x603c
ENTRY 	 ACT_C_G_NONE 	 0x603d
ENTRY 	 ACT_C_AIR 	 0x6040
ENTRY 	 ACT_C_A_ATK_N 	 0x6041
ENTRY 	 ACT_C_A_ATK_F 	 0x6042
ENTRY 	 ACT_C_A_ATK_B 	 0x6043
ENTRY 	 ACT_C_A_ATK_U 	 0x6044
ENTRY 	 ACT_C_A_ATK_D 	 0x6045
ENTRY 	 ACT_C_A_BLOW_N 	 0x6046
ENTRY 	 ACT_C_A_BLOW_F 	 0x6047
ENTRY 	 ACT_C_A_BLOW_U 	 0x6048
ENTRY 	 ACT_C_A_BLOW_D 	 0x6049
ENTRY 	 ACT_C_BLOW_CUSTOMIZE 	 0x6050
ENTRY 	 ACT_C_G_BLOW_N2 	 0x6051
ENTRY 	 ACT_C_G_BLOW_F2 	 0x6052
ENTRY 	 ACT_C_G_BLOW_U2 	 0x6053
ENTRY 	 ACT_C_G_BLOW_D2 	 0x6054
ENTRY 	 ACT_C_A_BLOW_N2 	 0x6055
ENTRY 	 ACT_C_A_BLOW_F2 	 0x6056
ENTRY 	 ACT_C_A_BLOW_U2 	 0x6057
ENTRY 	 ACT_C_A_BLOW_D2 	 0x6058
ENTRY 	 ACT_C_G_BLOW_N3 	 0x6059
ENTRY 	 ACT_C_G_BLOW_F3 	 0x605a
ENTRY 	 ACT_C_G_BLOW_U3 	 0x605b
ENTRY 	 ACT_C_G_BLOW_D3 	 0x605c
ENTRY 	 ACT_C_A_BLOW_N3 	 0x605d
ENTRY 	 ACT_C_A_BLOW_F3 	 0x605e
ENTRY 	 ACT_C_A_BLOW_U3 	 0x605f
ENTRY 	 ACT_C_A_BLOW_D3 	 0x6060
ENTRY 	 ACT_C_G_BLOW_N4 	 0x6061
ENTRY 	 ACT_C_G_BLOW_F4 	 0x6062
ENTRY 	 ACT_C_G_BLOW_U4 	 0x6063
ENTRY 	 ACT_C_G_BLOW_D4 	 0x6064
ENTRY 	 ACT_C_A_BLOW_N4 	 0x6065
ENTRY 	 ACT_C_A_BLOW_F4 	 0x6066
ENTRY 	 ACT_C_A_BLOW_U4 	 0x6067
ENTRY 	 ACT_C_A_BLOW_D4 	 0x6068
ENTRY 	 ACT_C_BLOW_CUSTOMIZE_END 	 0x6069
ENTRY 	 ACT_C_RYU_GROUND 	 0x6070
ENTRY 	 ACT_C_G_ATK2_N 	 0x6071
ENTRY 	 ACT_C_G_ATK2_F 	 0x6072
ENTRY 	 ACT_C_G_ATK2_U 	 0x6073
ENTRY 	 ACT_C_G_ATK2_D 	 0x6074
ENTRY 	 ACT_C_G_BLOW2_N 	 0x6075
ENTRY 	 ACT_C_G_BLOW2_F 	 0x6076
ENTRY 	 ACT_C_G_BLOW2_U 	 0x6077
ENTRY 	 ACT_C_RYU_AIR 	 0x6080
ENTRY 	 ACT_C_A_BLOW2_N 	 0x6081
ENTRY 	 ACT_C_A_BLOW2_F 	 0x6082
ENTRY 	 ACT_C_A_BLOW2_U 	 0x6083
ENTRY 	 ACT_C_ETC 	 0x6090
ENTRY 	 ACT_C_G_DASH_ATTACK 	 0x6091
ENTRY 	 ACT_C_G_DASH_CATCH 	 0x6092
ENTRY 	 ACT_C_G_TURN_CATCH 	 0x6093
ENTRY 	 ACT_C_A_CATCH 	 0x6094
ENTRY 	 ACT_C_TERM 	 0x6095
...
ENTRY 	 ACT_C_G_NUM 	 0xd
ENTRY 	 ACT_C_A_NUM 	 9
ENTRY 	 ACT_C_CMD_NUM 	 0x16
ENTRY 	 ACT_C_CMD_CUSTOMIZE_NUM 	 0x2e
...
ENTRY 	 ACTION_LINE_INVALID 	 0
ENTRY 	 ACTION_LINE_NEW_SCRIPT 	 1
ENTRY 	 ACTION_LINE_FUNCTION 	 2
...
ENTRY 	 UNIQ_STAT_NULL 	 0
ENTRY 	 UNIQ_STAT_GROUND_FREE 	 1
ENTRY 	 UNIQ_STAT_AIR_FREE 	 2
ENTRY 	 UNIQ_STAT_DASH 	 3
ENTRY 	 UNIQ_STAT_DOWN 	 4
ENTRY 	 UNIQ_STAT_DAMAGE 	 5
ENTRY 	 UNIQ_STAT_CLIFF 	 6
ENTRY 	 UNIQ_STAT_CLIFF_ACT 	 7
ENTRY 	 UNIQ_STAT_LADDER 	 8
ENTRY 	 UNIQ_STAT_PIYO 	 9
ENTRY 	 UNIQ_STAT_PIYO_S 	 10
ENTRY 	 UNIQ_STAT_PIYO_L 	 0xb
ENTRY 	 UNIQ_STAT_CATCH 	 0xc
ENTRY 	 UNIQ_STAT_CATCH_END 	 0xd
ENTRY 	 UNIQ_STAT_SWIM 	 0xe
ENTRY 	 UNIQ_STAT_AT_WALL 	 0xf
ENTRY 	 UNIQ_STAT_FALL_SP 	 0x10
ENTRY 	 UNIQ_STAT_DRAGOON 	 0x11
ENTRY 	 UNIQ_STAT_GENESIS 	 0x12
ENTRY 	 UNIQ_STAT_KILLER 	 0x13
ENTRY 	 UNIQ_STAT_WARPSTAR 	 0x14
ENTRY 	 UNIQ_STAT_ATTACK 	 0x15
ENTRY 	 UNIQ_STAT_ATTACK_GROUND 	 0x16
ENTRY 	 UNIQ_STAT_ATK_HOLD 	 0x17
ENTRY 	 UNIQ_STAT_ATK_HOLD_FAST 	 0x18
ENTRY 	 UNIQ_STAT_ATK_CATCH 	 0x19
ENTRY 	 UNIQ_STAT_GUARD 	 0x1a
ENTRY 	 UNIQ_STAT_COUNTER 	 0x1b
ENTRY 	 UNIQ_STAT_JUMP_SQUAT 	 0x1c
ENTRY 	 UNIQ_STAT_FIXDMG 	 0x1d
ENTRY 	 UNIQ_STAT_ESCAPE 	 0x1e
ENTRY 	 UNIQ_STAT_REBIRTH 	 0x1f
ENTRY 	 UNIQ_STAT_LUCARIO_SPECIAL_S 	 0x20
ENTRY 	 UNIQ_STAT_LUCARIO_SPECIAL_S_C2 	 0x21
ENTRY 	 UNIQ_STAT_GAMEWATCH_SPECIAL_LW 	 0x22
ENTRY 	 UNIQ_STAT_BARREL 	 0x23
ENTRY 	 UNIQ_STAT_SPRING 	 0x24
ENTRY 	 UNIQ_STAT_MEWTWO_THROWN 	 0x25
ENTRY 	 UNIQ_STAT_TERM 	 0x26
...
ENTRY 	 UNIQ_STAT_GUARD_BREAK_ATTACK 	 0x19
ENTRY 	 STAT_AIR 	 1
ENTRY 	 STAT_MIDAIR 	 2
ENTRY 	 STAT_BUILD_MAX 	 4
ENTRY 	 STAT_BUILD_UP 	 8
ENTRY 	 STAT_RUSH 	 0x10
ENTRY 	 STAT_GOROGORO 	 0x20
ENTRY 	 STAT_ATTENTION 	 0x40
ENTRY 	 STAT_WEAPON_OP 	 0x80
ENTRY 	 STAT_FINAL 	 0x100
ENTRY 	 STAT_FINAL_ACT 	 0x200
ENTRY 	 STAT_CATCH_W 	 0x400
ENTRY 	 STAT_DEAD 	 0x800
ENTRY 	 STAT_LOUPE 	 0x1000
ENTRY 	 STAT_INVINCIBLE 	 0x2000
ENTRY 	 STAT_ATK_CATCH 	 0x4000
ENTRY 	 STAT_PASSFALL 	 0x8000
ENTRY 	 STAT_WEAK 	 0x10000
ENTRY 	 STAT_DMG_ELEC 	 0x20000
ENTRY 	 STAT_REFLECT 	 0x40000
ENTRY 	 STAT_GOROGORO_NO_CANCEL 	 0x80000
ENTRY 	 STAT_SP_DIR 	 0x100000
ENTRY 	 STAT_UNGUARDED_HIND 	 0x200000
ENTRY 	 STAT_UNGUARDED 	 0x400000
ENTRY 	 STAT_COMBO 	 0x800000
ENTRY 	 STAT_NO_JUMP 	 0x1000000
ENTRY 	 STAT_NO_ATTACK 	 0x2000000
ENTRY 	 STAT_SUSPEND 	 0x4000000
ENTRY 	 STAT_POWERUP 	 0x8000000
ENTRY 	 STAT_CANCELABLE 	 0x10000000
ENTRY 	 STAT_NO_COUNTER 	 0x20000000
ENTRY 	 STAT_NOT_FREE_ACTUALLY 	 0x40000000
ENTRY 	 STAT_ACTIVE 	 0x80000000
...
ENTRY 	 STAT_TERM 	 0x20
ENTRY 	 ACT_STAT_TOUCH_L 	 1
ENTRY 	 ACT_STAT_TOUCH_R 	 2
ENTRY 	 ACT_STAT_TOUCH_U 	 4
ENTRY 	 ACT_STAT_TOUCH_D 	 8
ENTRY 	 ACT_STAT_CANNOT_CATCH_CLIFF 	 0x10
ENTRY 	 ACT_STAT_DIVE 	 0x20
ENTRY 	 ACT_STAT_SQUAT 	 0x40
ENTRY 	 ACT_STAT_ENABLE_CANCEL 	 0x80
ENTRY 	 ACT_STAT_UNABLE_CAPTURE 	 0x100
ENTRY 	 ACT_STAT_UNABLE_CLIFF_XLU 	 0x200
ENTRY 	 ACT_STAT_UNABLE_ESCAPE_AIR 	 0x400
ENTRY 	 ACT_STAT_UNABLE_ATTACK 	 0x800
ENTRY 	 ACT_STAT_UNABLE_SPECIAL 	 0x1000
ENTRY 	 ACT_STAT_UNABLE_JUMP 	 0x2000
ENTRY 	 ACT_STAT_UNABLE_SHIELD 	 0x4000
...
ENTRY 	 STAT_ITEM_HAVE 	 1
ENTRY 	 STAT_ITEM_PUT_BOMB 	 2
ENTRY 	 STAT_ITEM_HAMMER 	 4
ENTRY 	 STAT_ITEM_HAMMER_THROWABLE 	 8
ENTRY 	 STAT_ITEM_SUPERLEAF 	 0x10
ENTRY 	 STAT_ITEM_ROCKETBELT 	 0x20
ENTRY 	 STAT_ITEM_SPECIALFLAG 	 0x40
ENTRY 	 STAT_ITEM_SPECIALFLAG_HOIST 	 0x80
ENTRY 	 STAT_ITEM_FIREBAR_LONG 	 0x100
ENTRY 	 STAT_ITEM_FIREBAR_MIDDLE 	 0x200
ENTRY 	 STAT_ITEM_FIREBAR_SHORT 	 0x400
ENTRY 	 STAT_ITEM_DANGER 	 0x800
ENTRY 	 STAT_ITEM_HAVE_THROW 	 0x1000
ENTRY 	 STAT_ITEM_HAVE_SHOOT 	 0x2000
ENTRY 	 STAT_ITEM_HAVE_SWING 	 0x4000
ENTRY 	 STAT_ITEM_HAVE_HEAVY 	 0x8000
ENTRY 	 STAT_ITEM_CURRY 	 0x10000
ENTRY 	 STAT_ITEM_FIREFLOWER 	 0x20000
ENTRY 	 STAT_ITEM_FIREFLOWER_FIRE 	 0x40000
ENTRY 	 STAT_ITEM_SHOOTING 	 0x80000
...
ENTRY 	 STAT_ITEM_TERM 	 0x13
ENTRY 	 STAT_WEAKEN_STICK_REVERSE_X 	 1
ENTRY 	 STAT_WEAKEN_STICK_REVERSE_Y 	 2
ENTRY 	 STAT_WEAKEN_STICK_CONFUSE_X 	 4
ENTRY 	 STAT_WEAKEN_STICK_CONFUSE_Y 	 8
ENTRY 	 STAT_WEAKEN_DOGS_BLIND_OWN 	 0x10
ENTRY 	 STAT_WEAKEN_DOGS_BLIND_CONFUSE 	 0x20
ENTRY 	 STAT_WEAKEN_TARGET_INVISIBLE 	 0x40
...
ENTRY 	 STAT_WEAKEN_TERM 	 6
ENTRY 	 STAT_SKILL_MACH_STAMP 	 1
ENTRY 	 STAT_SKILL_HIGH_SPEED_DASH 	 2
ENTRY 	 STAT_SKILL_CONTROLLER_INVALID 	 4
ENTRY 	 STAT_SKILL_HYPER_SMASH 	 8
ENTRY 	 STAT_SKILL_SUPERARMOR_SMASH 	 0x10
ENTRY 	 STAT_SKILL_JUST_GUARD_UP 	 0x20
ENTRY 	 STAT_SKILL_EAT_INVINCIBLE 	 0x40
ENTRY 	 STAT_SKILL_ESCAPE_UP 	 0x80
ENTRY 	 STAT_SKILL_HAVE_ITEM 	 0x100
ENTRY 	 STAT_SKILL_SUPER_ARMOR 	 0x200
ENTRY 	 STAT_SKILL_SLOW_SUPER_ARMOR 	 0x400
ENTRY 	 STAT_SKILL_JUST_SHIELD_REFLECT 	 0x800
ENTRY 	 STAT_SKILL_SHIELD_HEAL 	 0x1000
...
ENTRY 	 STAT_SPIRITS_EVENT_SPEEDUP 	 1
ENTRY 	 TRANS_G_SPECIAL 	 1
ENTRY 	 TRANS_G_ATTACK 	 8
ENTRY 	 TRANS_G_ESCAPE 	 0x10
ENTRY 	 TRANS_G_GUARD 	 0x20
ENTRY 	 TRANS_G_JUMP 	 0x40
ENTRY 	 TRANS_GROUND 	 0x80
ENTRY 	 TRANS_A_SPECIAL 	 0x200
ENTRY 	 TRANS_A_ESCAPE 	 0x400
ENTRY 	 TRANS_A_ATTACK 	 0x800
ENTRY 	 TRANS_A_TREAD_JUMP 	 0x1000
ENTRY 	 TRANS_A_JUMP_AERIAL 	 0x4000
...
ENTRY 	 MARIO_ST_MANTLE_HOP 	 1
ENTRY 	 MARIO_ST_POMP 	 2
...
ENTRY 	 MARIOD_ST_SP_LW_HOP 	 1
ENTRY 	 DONKEY_ST_HEADATK 	 1
ENTRY 	 DONKEY_ST_SP_D 	 2
ENTRY 	 DONKEY_ST_LIFT_U 	 4
...
ENTRY 	 YOSHI_ST_DIS_SP_HI 	 1
ENTRY 	 LINK_ST_SP_S 	 1
ENTRY 	 LINK_ST_SP_LW 	 2
...
ENTRY 	 PIKACHU_ST_KAMINARI 	 1
ENTRY 	 KIRBY_ST_EAT 	 1
ENTRY 	 KIRBY_ST_USE_METAKNIGHT 	 2
ENTRY 	 KIRBY_ST_USE_PURIN 	 4
ENTRY 	 KIRBY_ST_STONE 	 8
ENTRY 	 KIRBY_ST_F_CUTTER 	 0x10
ENTRY 	 KIRBY_ST_COPY 	 0x20
ENTRY 	 KIRBY_ROCKMAN_ST_SP_METALBLADE 	 0x40
ENTRY 	 KIRBY_PACMAN_ST_FRUITS 	 0x80
ENTRY 	 KIRBY_RYU_ST_HADOUKEN 	 0x100
ENTRY 	 KIRBY_RYU_ST_COMMAND_236_STEP 	 0x200
ENTRY 	 KIRBY_RYU_ST_COMMAND_41236_STEP 	 0x400
...
ENTRY 	 FOX_ST_BLASTER 	 1
ENTRY 	 FOX_ST_SP_AIR_S 	 2
...
ENTRY 	 NESS_ST_THD_WAIT 	 1
ENTRY 	 KOOPA_ST_DIVE_JUMP 	 1
...
ENTRY 	 PEACH_ST_FLOAT 	 1
ENTRY 	 PEACH_ST_DIS_FLOAT 	 2
...
ENTRY 	 GW_ST_ST_DIS_SP_HI 	 1
ENTRY 	 GW_ST_OIL_MAX 	 2
...
ENTRY 	 WARIO_ST_BIKE_READY 	 1
ENTRY 	 WARIO_ST_GASS_MAX 	 2
ENTRY 	 WARIO_ST_BITE 	 4
...
ENTRY 	 META_ST_SP_LW 	 2
ENTRY 	 PIKMIN_ST_EMPTY 	 1
ENTRY 	 PIKMIN_ST_FINAL 	 2
ENTRY 	 PIKMIN_ST_HEAVY 	 4
ENTRY 	 PIKMIN_ST_DIS_SP_HI 	 8
...
ENTRY 	 DIDDY_ST_DIS_SP_S 	 1
ENTRY 	 DIDDY_ST_SP_S_CATCH 	 2
ENTRY 	 DIDDY_ST_DIS_SP_HI 	 4
ENTRY 	 DIDDY_ST_NO_BANANA 	 8
ENTRY 	 DIDDY_ST_DIS_SP_ALL 	 0x10
...
ENTRY 	 DEDEDE_ST_EAT 	 1
ENTRY 	 DEDEDE_ST_SP_HI 	 2
ENTRY 	 DEDEDE_ST_SP_HI_FALL 	 4
ENTRY 	 DEDEDE_ST_GORDO_SET 	 8
...
ENTRY 	 IKE_ST_SP_U_NO_CLIFF 	 1
ENTRY 	 ROBOT_ST_GYRO_READY 	 1
ENTRY 	 ROBOT_ST_BEAM_READY 	 2
ENTRY 	 ROBOT_ST_BURNER_LOW 	 4
...
ENTRY 	 ZELDA_ST_PHANTOM 	 1
ENTRY 	 ZELDA_ST_SP_DEIN 	 2
...
ENTRY 	 SHEIK_ST_SP_AIR_D 	 1
ENTRY 	 SONIC_ST_DIS_SP_HI 	 1
...
ENTRY 	 WIIFIT_ST_SP_S 	 1
ENTRY 	 WIIFIT_ST_BREATHING 	 2
ENTRY 	 WIIFIT_ST_BREATHING_GAUGE 	 4
ENTRY 	 WIIFIT_ST_BREATH_EFFECT 	 8
ENTRY 	 WIIFIT_ST_BREATH_RESTORE 	 0x10
...
ENTRY 	 MURABITO_ST_ENABLE_TAKEOUT_OUT 	 1
ENTRY 	 MURABITO_ST_TAKEOUT_OUT_RANGE_S 	 2
ENTRY 	 MURABITO_ST_TAKEOUT_OUT_RANGE_M 	 4
ENTRY 	 MURABITO_ST_TAKEOUT_OUT_RANGE 	 6
ENTRY 	 MURABITO_ST_DIS_SP_HI 	 8
ENTRY 	 MURABITO_ST_SP_CLAYROCKET 	 0x10
ENTRY 	 MURABITO_ST_SP_SEED 	 0x20
ENTRY 	 MURABITO_ST_SP_SPROUT 	 0x40
ENTRY 	 MURABITO_ST_SP_TREE 	 0x80
ENTRY 	 MURABITO_ST_SP_NEAR_SPROUT 	 0x100
ENTRY 	 MURABITO_ST_SP_NEAR_TREE 	 0x200
...
ENTRY 	 ROCKMAN_ST_LEAFSHIELD 	 1
ENTRY 	 ROCKMAN_ST_SP_RASHCOIL 	 2
ENTRY 	 ROCKMAN_ST_SP_CRASHBOMB 	 4
ENTRY 	 ROCKMAN_ST_SP_METALBLADE 	 8
...
ENTRY 	 ROSETTA_ST_TICO_FREE 	 1
ENTRY 	 ROSETTA_ST_TICO_DEAD 	 2
ENTRY 	 ROSETTA_ST_TICO_MIDAIR 	 4
ENTRY 	 ROSETTA_ST_SP_LW_CANCEL 	 8
...
ENTRY 	 LITTLEMAC_ST_KO_GAGE_MAX 	 1
ENTRY 	 LITTLEMAC_ST_SP_S 	 2
...
ENTRY 	 REFLET_ST_SP_N_READY 	 1
ENTRY 	 REFLET_ST_SP_S_READY 	 2
ENTRY 	 REFLET_ST_SP_HI_READY 	 4
ENTRY 	 REFLET_ST_SP_LW_READY 	 8
ENTRY 	 REFLET_ST_THUNDER_SWORD_READY 	 0x10
...
ENTRY 	 DUCKHUNT_ST_CLAY 	 1
ENTRY 	 DUCKHUNT_ST_CAN 	 2
ENTRY 	 DUCKHUNT_ST_GUNMAN 	 4
...
ENTRY 	 PACMAN_ST_FIREHYDRANT 	 1
ENTRY 	 PACMAN_ST_FRUITS 	 2
ENTRY 	 PACMAN_ST_DIS_SP_S 	 4
ENTRY 	 PACMAN_ST_DIS_SP_U 	 8
...
ENTRY 	 SZEROSUIT_ST_FINAL 	 1
ENTRY 	 SZEROSUIT_ST_SP_AIR_LW 	 2
ENTRY 	 SZEROSUIT_ST_SP_AIR_LW_KICK 	 4
...
ENTRY 	 KOOPAJR_ST_SP_CANON 	 1
ENTRY 	 KOOPAJR_ST_DIS_SP_S 	 2
ENTRY 	 KOOPAJR_ST_DIS_SP_HI 	 4
ENTRY 	 KOOPAJR_ST_SP_MECHAKOOPA 	 8
...
ENTRY 	 LUCARIO_ST_WAVEHIGH 	 1
ENTRY 	 SHULK_ST_MONAD_SELECT 	 1
ENTRY 	 SHULK_ST_MONAD_JUMP 	 2
ENTRY 	 SHULK_ST_MONAD_SPEED 	 4
ENTRY 	 SHULK_ST_MONAD_SHIELD 	 8
ENTRY 	 SHULK_ST_MONAD_BUSTER 	 0x10
ENTRY 	 SHULK_ST_MONAD_SMASH 	 0x20
ENTRY 	 SHULK_ST_MONAD_EFFECTED 	 0x40
ENTRY 	 SHULK_ST_MONAD_JUMP_UNABLE 	 0x80
ENTRY 	 SHULK_ST_MONAD_SPEED_UNABLE 	 0x100
ENTRY 	 SHULK_ST_MONAD_SHIELD_UNABLE 	 0x200
ENTRY 	 SHULK_ST_MONAD_BUSTER_UNABLE 	 0x400
ENTRY 	 SHULK_ST_MONAD_SMASH_UNABLE 	 0x800
...
ENTRY 	 MIIFIGHTER_ST_SP_LW2 	 1
ENTRY 	 MIIFIGHTER_ST_SP_LW2_KICK 	 2
...
ENTRY 	 MIISWORDSMAN_ST_SP_S3 	 1
ENTRY 	 MIIGUNNER_ST_SP_STEALTH 	 2
...
ENTRY 	 RYU_ST_HADOUKEN 	 1
ENTRY 	 RYU_ST_SP_AIR_N_HOP 	 2
ENTRY 	 RYU_ST_SP_AIR_S 	 4
ENTRY 	 RYU_ST_COMMAND_236_STEP 	 8
ENTRY 	 RYU_ST_COMMAND_41236_STEP 	 0x10
ENTRY 	 RYU_ST_COMMAND_214_STEP 	 0x20
ENTRY 	 RYU_ST_COMMAND_623_STEP 	 0x40
ENTRY 	 KEN_ST_COMMAND_632_STEP 	 0x80
ENTRY 	 RYU_ST_ATTACK_CANCEL 	 0x100
ENTRY 	 RYU_ST_HIT_CANCEL 	 0x200
...
ENTRY 	 BAYONETTA_ST_SP_AIR_S 	 1
ENTRY 	 BAYONETTA_ST_SP_HI 	 2
ENTRY 	 BAYONETTA_ST_WITCH_TIME_SUCCESS 	 4
ENTRY 	 BAYONETTA_ST_FINAL 	 0x10
ENTRY 	 BAYONETTA_ST_FINAL_MAX 	 0x20
...
ENTRY 	 KAMUI_ST_SP_S 	 1
ENTRY 	 KAMUI_ST_SP_S_WALL 	 2
...
ENTRY 	 POPO_ST_RUBBER_JUMP 	 1
ENTRY 	 POPO_ST_SINGLE 	 2
ENTRY 	 POPO_ST_SP_HI_COUPLE 	 4
...
ENTRY 	 NANA_ST_RUBBER_JUMP 	 1
ENTRY 	 INKLING_ST_INK_LOW 	 1
ENTRY 	 INKLING_ST_SP_LW 	 2
...
ENTRY 	 SNAKE_ST_SP_N 	 1
ENTRY 	 SNAKE_ST_SP_S_WORKING 	 2
ENTRY 	 SNAKE_ST_SP_HI 	 4
ENTRY 	 SNAKE_ST_SP_LW_READY 	 8
ENTRY 	 SNAKE_ST_SP_LW_BOMB 	 0x10
ENTRY 	 SNAKE_ST_SP_HI_USING 	 0x20
...
ENTRY 	 KROOL_ST_SP_N_SWALLOW 	 1
ENTRY 	 KROOL_ST_SP_S 	 2
...
ENTRY 	 SIMON_ST_SP_N 	 1
ENTRY 	 SIMON_ST_SP_S 	 2
ENTRY 	 SIMON_ST_SP_LW 	 4
ENTRY 	 SHIZUE_ST_SP_LW_READY 	 8
ENTRY 	 SHIZUE_ST_SP_LW_BOMB 	 0x10
...
ENTRY 	 GAOGAEN_ST_SP_S 	 1
ENTRY 	 GAOGAEN_ST_SP_S_LARIAT 	 2
ENTRY 	 GAOGAEN_ST_REVENGE 	 4
...
ENTRY 	 KOOPAG_ST_SP_N_LOW 	 1
ENTRY 	 POKEMON_ST_DIS_SP_LW 	 1
...
ENTRY 	 ATTACK_PHASE_NONE 	 0
ENTRY 	 ATTACK_PHASE_PREPARE 	 1
ENTRY 	 ATTACK_PHASE_START 	 2
ENTRY 	 ATTACK_PHASE_ACTIVE 	 3
ENTRY 	 ATTACK_PHASE_END 	 4
ENTRY 	 ATTACK_PHASE_TERM 	 5
...
ENTRY 	 AI_STATUS_FREE_STOP 	 0
ENTRY 	 AI_STATUS_FREE_DASH 	 1
ENTRY 	 AI_STATUS_FREE_RUN 	 2
ENTRY 	 AI_STATUS_FREE_RUN_BRAKE 	 3
ENTRY 	 AI_STATUS_JUMP_SQUAT 	 4
ENTRY 	 AI_STATUS_LANDING 	 5
ENTRY 	 AI_STATUS_SP_FALL 	 6
ENTRY 	 AI_STATUS_DAMAGED 	 7
ENTRY 	 AI_STATUS_DAMAGED_CANCELABLE 	 8
ENTRY 	 AI_STATUS_CATCH 	 9
ENTRY 	 AI_STATUS_DOWN 	 10
ENTRY 	 AI_STATUS_CLIFF 	 0xb
ENTRY 	 AI_STATUS_CLIFF_OFF 	 0xc
ENTRY 	 AI_STATUS_ATTACK_PREPARE 	 0xd
ENTRY 	 AI_STATUS_ATTACK 	 0xe
ENTRY 	 AI_STATUS_GROUND_ATTACK_PREPARE 	 0xf
ENTRY 	 AI_STATUS_GROUND_ATTACK 	 0x10
ENTRY 	 AI_STATUS_ATTACK_END 	 0x11
ENTRY 	 AI_STATUS_ATTACK_HOLD 	 0x12
ENTRY 	 AI_STATUS_COUNTER_HOLD 	 0x13
ENTRY 	 AI_STATUS_COUNTER_END 	 0x14
ENTRY 	 AI_STATUS_SHIELD 	 0x15
ENTRY 	 AI_STATUS_SHIELD_OFF 	 0x16
ENTRY 	 AI_STATUS_ESCAPE 	 0x17
ENTRY 	 AI_STATUS_PIYO 	 0x18
ENTRY 	 AI_STATUS_REBIRTH 	 0x19
ENTRY 	 AI_STATUS_TERM 	 0x1a
...
ENTRY 	 TYPE_WEAPON 	 0
ENTRY 	 TYPE_ITEM 	 1
ENTRY 	 TYPE_STAGE 	 2
ENTRY 	 TYPE_FIGHTER 	 3
ENTRY 	 TYPE_DROP 	 4
ENTRY 	 TYPE_ITEM2 	 5
ENTRY 	 TYPE_ENEMY 	 6
...
ENTRY 	 FL_ENABLE 	 1
ENTRY 	 FL_ACCEL 	 2
ENTRY 	 FL_FLOOR_SET 	 4
ENTRY 	 FL_ON_SCREEN 	 8
ENTRY 	 FL_SHIELD 	 0x10
ENTRY 	 FL_REFLECTOR 	 0x20
ENTRY 	 FL_ABSORBER 	 0x40
ENTRY 	 FL_PUT_IN_POCKET 	 0x80
ENTRY 	 FL_CAPTURE 	 0x100
ENTRY 	 FL_NO_ATTACK 	 0x200
ENTRY 	 FL_SPEED_DAMAGE 	 0x400
ENTRY 	 FL_EXPLOSION_30 	 0x800
ENTRY 	 FL_EXPLOSION_10 	 0x1000
ENTRY 	 FL_EATABLE 	 0x2000
ENTRY 	 FL_NOT_SHOT 	 0x4000
...
ENTRY 	 DANGER_TYPE_STAGE 	 0
ENTRY 	 DANGER_TYPE_SYSTEM 	 1
ENTRY 	 DANGER_TYPE_ALL 	 2
...
ENTRY 	 DANGER_ATTR_NONE 	 0
ENTRY 	 DANGER_ATTR_ENABLE 	 1
ENTRY 	 DANGER_ATTR_JUMP 	 2
ENTRY 	 DANGER_ATTR_THROUGH 	 4
ENTRY 	 DANGER_ATTR_IGNORE 	 8
ENTRY 	 DANGER_ATTR_DIVFLOOR 	 0x10
ENTRY 	 DANGER_ATTR_ATTACK 	 0x20
ENTRY 	 DANGER_ATTR_IGNOREFLOOR 	 0x40
ENTRY 	 DANGER_ATTR_NO_JUMP 	 0x80
ENTRY 	 DANGER_INVALID_HANDLE 	 0xffffffff
...
TITLE 	 uParm1 	 NfpPersonalityKind 	 0xfffffffd
ENTRY 	 &DAT_71035b75a4 	 0
ENTRY 	 OFFENSIVE 	 1
ENTRY 	 GROUNDED 	 2
ENTRY 	 ATTACK_OUT_CLIFF 	 3
ENTRY 	 &DAT_71035b75cd 	 4
ENTRY 	 RETURN_TO_CLIFF 	 5
ENTRY 	 AIR_OFFENSIVE 	 6
ENTRY 	 CLIFFER 	 7
ENTRY 	 FEINT_MASTER 	 8
ENTRY 	 FEINT_COUNTER 	 9
ENTRY 	 FEINT_SHOOTER 	 10
ENTRY 	 CATCHER 	 0xb
ENTRY 	 _100_ATTACKER 	 0xc
ENTRY 	 _100_KEEPER 	 0xd
ENTRY 	 ATTACK_CANCEL 	 0xe
ENTRY 	 SMASH_HOLDER 	 0xf
ENTRY 	 DASH_ATTACKER 	 0x10
ENTRY 	 CRITICAL_HITTER 	 0x11
ENTRY 	 METEOR_MASTER 	 0x12
ENTRY 	 SHIELD_MASTER 	 0x13
ENTRY 	 JUST_SHIELD_MASTER 	 0x14
ENTRY 	 SHIELD_CATCH_MASTER 	 0x15
ENTRY 	 ITEM_COLLECTOR 	 0x16
ENTRY 	 ITEM_THROW_TO_TARGET 	 0x17
ENTRY 	 DRAGOON_COLLECTOR 	 0x18
ENTRY 	 SMASHBALL_COLLECTOR 	 0x19
ENTRY 	 HAMMER_COLLECTOR 	 0x1a
ENTRY 	 SPECIAL_FLAGGER 	 0x1b
ENTRY 	 ITEM_SWINGER 	 0x1c
ENTRY 	 HOMERUN_BATTER 	 0x1d
ENTRY 	 CLUB_SWINGER 	 0x1e
ENTRY 	 DEATH_SWINGER 	 0x1f
ENTRY 	 ITEM_SHOOTER 	 0x20
ENTRY 	 CARRIER_BREAKER 	 0x21
ENTRY 	 CHARGER 	 0x22
ENTRY 	 APPEAL 	 0x23
ENTRY 	 ADVANTAGIOUS_FIGHTER 	 0x24
ENTRY 	 WEAKEN_FIGHTER 	 0x25
ENTRY 	 REVENGE 	 0x26
ENTRY 	 STAGE_ENEMY 	 0x27
ENTRY 	 ATTACK 	 0x28
ENTRY 	 ATTACK_S 	 0x29
ENTRY 	 ATTACK_HI 	 0x2a
ENTRY 	 ATTACK_LW 	 0x2b
ENTRY 	 SMASH_S 	 0x2c
ENTRY 	 SMASH_HI 	 0x2d
ENTRY 	 SMASH_LW 	 0x2e
ENTRY 	 SPECIAL_N 	 0x2f
ENTRY 	 SPECIAL_S 	 0x30
ENTRY 	 SPECIAL_HI 	 0x31
ENTRY 	 SPECIAL_LW 	 0x32
ENTRY 	 ATTACK_AIR_N 	 0x33
ENTRY 	 ATTACK_AIR_F 	 0x34
ENTRY 	 ATTACK_AIR_B 	 0x35
ENTRY 	 ATTACK_AIR_HI 	 0x36
ENTRY 	 ATTACK_AIR_LW 	 0x37
ENTRY 	 SPECIAL_AIR_N 	 0x38
ENTRY 	 SPECIAL_AIR_S 	 0x39
ENTRY 	 SPECIAL_AIR_HI 	 0x3a
ENTRY 	 SPECIAL_AIR_LW 	 0x3b
ENTRY 	 ESCAPE_AIR 	 0x3c
ENTRY 	 ESCAPE_AIR_FORWARD 	 0x3d
ENTRY 	 ESCAPE_AIR_BACKWARD 	 0x3e
ENTRY 	 APPEAL_S 	 0x3f
ENTRY 	 APPEAL_HI 	 0x40
ENTRY 	 APPEAL_LW 	 0x41
ENTRY 	 FIGHTER_01 	 0x42
ENTRY 	 FIGHTER_02 	 0x43
ENTRY 	 FIGHTER_03 	 0x44
ENTRY 	 FIGHTER_04 	 0x45
ENTRY 	 FIGHTER_05 	 0x46
ENTRY 	 PADDING 	 0x47
ENTRY 	 &DAT_71035c2b2d 	 0x48
ENTRY 	 &DAT_71035c2b1f 	 0xffffffff
...
ENTRY 	 ITEM_STATUS_KIND_NONE 	 0xffffffff
ENTRY 	 ITEM_STATUS_KIND_STANDBY 	 0
ENTRY 	 ITEM_STATUS_KIND_INITIALIZE 	 1
ENTRY 	 ITEM_STATUS_KIND_HAVE 	 2
ENTRY 	 ITEM_STATUS_KIND_FALL 	 3
ENTRY 	 ITEM_STATUS_KIND_LANDING 	 4
ENTRY 	 ITEM_STATUS_KIND_THROW 	 5
ENTRY 	 ITEM_STATUS_KIND_LOST 	 6
ENTRY 	 ITEM_STATUS_KIND_BORN 	 7
ENTRY 	 ITEM_STATUS_KIND_SPHAVE 	 8
ENTRY 	 ITEM_STATUS_KIND_CAPTURE_BEGIN 	 9
...
ENTRY 	 ITEM_STATUS_KIND_CAPTURE 	 9
ENTRY 	 ITEM_STATUS_KIND_CAPTURE_CUT 	 10
ENTRY 	 ITEM_STATUS_KIND_THROWN 	 0xb
ENTRY 	 ITEM_STATUS_KIND_CAPTURE_SHOULDER 	 0xc
ENTRY 	 ITEM_STATUS_KIND_CLUNG 	 0xd
ENTRY 	 ITEM_STATUS_KIND_CLUNG_GANON 	 0xe
ENTRY 	 ITEM_STATUS_KIND_CLUNG_DIDDY 	 0xf
ENTRY 	 ITEM_STATUS_KIND_THROWN_DIDDY 	 0x10
ENTRY 	 ITEM_STATUS_KIND_SWALLOWED 	 0x11
ENTRY 	 ITEM_STATUS_KIND_SWALLOWED_DRINK 	 0x12
ENTRY 	 ITEM_STATUS_KIND_SWALLOWED_THROWN_STAR 	 0x13
ENTRY 	 ITEM_STATUS_KIND_CAPTURE_YOSHI 	 0x14
ENTRY 	 ITEM_STATUS_KIND_CAPTURE_YOSHI_WAIT 	 0x15
ENTRY 	 ITEM_STATUS_KIND_THROWN_YOSHI 	 0x16
ENTRY 	 ITEM_STATUS_KIND_CAPTURE_YOSHI_EGG 	 0x17
ENTRY 	 ITEM_STATUS_KIND_YOSHI_EGG 	 0x18
ENTRY 	 ITEM_STATUS_KIND_KOOPA_DIVED 	 0x19
ENTRY 	 ITEM_STATUS_KIND_CAPTURE_MURABITO 	 0x1a
ENTRY 	 ITEM_STATUS_KIND_CAPTURE_ROCKMAN 	 0x1b
ENTRY 	 ITEM_STATUS_KIND_CAPTURE_SNAKE 	 0x1c
ENTRY 	 ITEM_STATUS_KIND_WARIO_BITE 	 0x1d
ENTRY 	 ITEM_STATUS_KIND_CAPTURE_REFLET 	 0x1e
ENTRY 	 ITEM_STATUS_KIND_CAPTURE_MEWTWO 	 0x1f
ENTRY 	 ITEM_STATUS_KIND_CAPTURE_RIDLEY 	 0x20
ENTRY 	 ITEM_STATUS_KIND_CAPTURE_GAOGAEN 	 0x21
ENTRY 	 ITEM_STATUS_KIND_CAPTURE_GAOGAEN_THROW 	 0x22
ENTRY 	 ITEM_STATUS_KIND_CAPTURE_GAOGAEN_ATTACH_ROPE 	 0x23
ENTRY 	 ITEM_STATUS_KIND_CAPTURE_GAOGAEN_RETURN 	 0x24
ENTRY 	 ITEM_STATUS_KIND_CAPTURE_MIIFIGHTER_SUPLEX 	 0x25
ENTRY 	 ITEM_STATUS_KIND_MIIFIGHTER_COUNTER_THROWN 	 0x26
ENTRY 	 ITEM_STATUS_KIND_CAPTURE_FISHINGROD 	 0x27
ENTRY 	 ITEM_STATUS_KIND_CAPTURE_TERM 	 0x28
...
ENTRY 	 ITEM_STATUS_KIND_CAPTURE_KAWASAKI_TOSS 	 0x28
ENTRY 	 ITEM_STATUS_KIND_CAPTURE_KAWASAKI_COOK 	 0x29
ENTRY 	 ITEM_STATUS_KIND_FOR_ASSIST_START 	 0x2a
...
ENTRY 	 ITEM_STATUS_KIND_DAMAGE 	 0x2a
ENTRY 	 ITEM_STATUS_KIND_ESCAPE_FALL 	 0x2b
ENTRY 	 ITEM_STATUS_KIND_ESCAPE_JUMP 	 0x2c
ENTRY 	 ITEM_STATUS_KIND_ESCAPE_AIR 	 0x2d
ENTRY 	 ITEM_STATUS_KIND_JUMP 	 0x2e
ENTRY 	 ITEM_STATUS_KIND_JUMP_AIR 	 0x2f
ENTRY 	 ITEM_STATUS_KIND_PASS_FLOOR 	 0x30
ENTRY 	 ITEM_STATUS_KIND_TURN 	 0x31
ENTRY 	 ITEM_STATUS_KIND_WAIT 	 0x32
ENTRY 	 ITEM_STATUS_KIND_RUN 	 0x33
ENTRY 	 ITEM_STATUS_KIND_WARP 	 0x34
ENTRY 	 ITEM_STATUS_KIND_EXIT 	 0x35
ENTRY 	 ITEM_STATUS_KIND_FOR_ASSIST_TERM 	 0x36
ENTRY 	 ITEM_STATUS_KIND_FOR_POKEMON_START 	 0x37
...
ENTRY 	 ITEM_STATUS_KIND_LEAVE 	 0x37
ENTRY 	 ITEM_STATUS_KIND_FOR_POKEMON_TERM 	 0x38
ENTRY 	 ITEM_STATUS_KIND_FOR_BOSS_START 	 0x39
...
ENTRY 	 ITEM_STATUS_KIND_ENTRY 	 0x39
ENTRY 	 ITEM_STATUS_KIND_START 	 0x3a
ENTRY 	 ITEM_STATUS_KIND_TRANS_PHASE 	 0x3b
ENTRY 	 ITEM_STATUS_KIND_DEAD 	 0x3c
ENTRY 	 ITEM_STATUS_KIND_FOR_BOSS_TERM 	 0x3d
...
ENTRY 	 ITEM_COMMON_STATUS_KIND_TERM 	 0x3d
ENTRY 	 ITEM_STATUS_KIND_TERM 	 0x3e
ENTRY 	 ITEM_STATUS_KIND_MAX 	 0x100
ENTRY 	 ITEM_VARIATION_INVALID 	 0xfffffd03
ENTRY 	 ITEM_VARIATION_NONE 	 0xffffffff
...
ENTRY 	 ITEM_VARIATION_AUTO 	 0xffffffff
ENTRY 	 ITEM_VARIATION_TABEMONO_OFFSET 	 0xffffffff
...
ENTRY 	 ITEM_VARIATION_TABEMONO_CHERRIES 	 0
ENTRY 	 ITEM_VARIATION_TABEMONO_PEAR 	 1
ENTRY 	 ITEM_VARIATION_TABEMONO_MILK 	 2
ENTRY 	 ITEM_VARIATION_TABEMONO_PANCAKE 	 3
ENTRY 	 ITEM_VARIATION_TABEMONO_TEA 	 4
ENTRY 	 ITEM_VARIATION_TABEMONO_COLA 	 5
ENTRY 	 ITEM_VARIATION_TABEMONO_SHORTCAKE 	 6
ENTRY 	 ITEM_VARIATION_TABEMONO_EBITEN 	 7
ENTRY 	 ITEM_VARIATION_TABEMONO_KUSHIYAKI 	 8
ENTRY 	 ITEM_VARIATION_TABEMONO_HAMBURGERSTEAK 	 9
ENTRY 	 ITEM_VARIATION_TABEMONO_TENSHIN 	 10
ENTRY 	 ITEM_VARIATION_TABEMONO_HOTDOG 	 0xb
ENTRY 	 ITEM_VARIATION_TABEMONO_CORNPOTAGE 	 0xc
ENTRY 	 ITEM_VARIATION_TABEMONO_CHERRYPIE 	 0xd
ENTRY 	 ITEM_VARIATION_TABEMONO_CHOCOLATE 	 0xe
ENTRY 	 ITEM_VARIATION_TABEMONO_POPCORN 	 0xf
ENTRY 	 ITEM_VARIATION_TABEMONO_SALAD 	 0x10
ENTRY 	 ITEM_VARIATION_TABEMONO_KIWI 	 0x11
ENTRY 	 ITEM_VARIATION_TABEMONO_MONTBLANC 	 0x12
ENTRY 	 ITEM_VARIATION_TABEMONO_PAN 	 0x13
ENTRY 	 ITEM_VARIATION_TABEMONO_RICEBALL 	 0x14
ENTRY 	 ITEM_VARIATION_TABEMONO_PASTA 	 0x15
ENTRY 	 ITEM_VARIATION_TABEMONO_GRAPE 	 0x16
ENTRY 	 ITEM_VARIATION_TABEMONO_CANDY 	 0x17
ENTRY 	 ITEM_VARIATION_TABEMONO_LEMON 	 0x18
ENTRY 	 ITEM_VARIATION_TABEMONO_FRIEDEGG 	 0x19
ENTRY 	 ITEM_VARIATION_TABEMONO_APPLE 	 0x1a
ENTRY 	 ITEM_VARIATION_TABEMONO_ROASTCHICKEN 	 0x1b
ENTRY 	 ITEM_VARIATION_TABEMONO_STEAK 	 0x1c
ENTRY 	 ITEM_VARIATION_TABEMONO_STEAMEDBUN 	 0x1d
ENTRY 	 ITEM_VARIATION_TABEMONO_PIZZA 	 0x1e
ENTRY 	 ITEM_VARIATION_TABEMONO_HAMBURGER 	 0x1f
ENTRY 	 ITEM_VARIATION_TABEMONO_PINEAPPLE 	 0x20
ENTRY 	 ITEM_VARIATION_TABEMONO_DONUT 	 0x21
ENTRY 	 ITEM_VARIATION_TABEMONO_CHEESE 	 0x22
ENTRY 	 ITEM_VARIATION_TABEMONO_FRANKFURTER 	 0x23
ENTRY 	 ITEM_VARIATION_TABEMONO_PEACH 	 0x24
ENTRY 	 ITEM_VARIATION_TABEMONO_DAISY 	 0x25
ENTRY 	 ITEM_VARIATION_TABEMONO_GAMEWATCHAPPLE 	 0x26
...
ENTRY 	 ITEM_VARIATION_TABEMONO_NORMAL_TERM 	 0x24
ENTRY 	 ITEM_VARIATION_BOX_OFFSET 	 0xffffffff
...
ENTRY 	 ITEM_VARIATION_BOX_WOOD 	 0
ENTRY 	 ITEM_VARIATION_BOX_FUTURE 	 1
ENTRY 	 ITEM_VARIATION_BOX_PRESENT 	 2
ENTRY 	 ITEM_VARIATION_BOX_TERM 	 3
ENTRY 	 ITEM_VARIATION_CARRIERBOX_OFFSET 	 0xffffffff
...
ENTRY 	 ITEM_VARIATION_CARRIERBOX_WOOD 	 0
ENTRY 	 ITEM_VARIATION_CARRIERBOX_FUTURE 	 1
ENTRY 	 ITEM_VARIATION_CARRIERBOX_PRESENT 	 2
ENTRY 	 ITEM_VARIATION_CARRIERBOX_TERM 	 3
ENTRY 	 ITEM_VARIATION_HEART_OFFSET 	 0xffffffff
...
ENTRY 	 ITEM_VARIATION_HEART_NORMAL 	 0
ENTRY 	 ITEM_VARIATION_HEART_FULL 	 1
ENTRY 	 ITEM_VARIATION_HEART_TERM 	 2
ENTRY 	 ITEM_VARIATION_BARREL_OFFSET 	 0xffffffff
...
ENTRY 	 ITEM_VARIATION_BARREL_WOOD 	 0
ENTRY 	 ITEM_VARIATION_BARREL_FUTURE 	 1
ENTRY 	 ITEM_VARIATION_BARREL_PRESENT 	 2
ENTRY 	 ITEM_VARIATION_BARREL_TERM 	 3
ENTRY 	 ITEM_VARIATION_DRAGOON_OFFSET 	 0xffffffff
...
ENTRY 	 ITEM_VARIATION_DRAGOON_PARTS_A 	 0
ENTRY 	 ITEM_VARIATION_DRAGOON_PARTS_B 	 1
ENTRY 	 ITEM_VARIATION_DRAGOON_PARTS_C 	 2
ENTRY 	 ITEM_VARIATION_DRAGOON_TERM 	 3
ENTRY 	 ITEM_VARIATION_GENESIS_OFFSET 	 0xffffffff
...
ENTRY 	 ITEM_VARIATION_GENESIS_PARTS_A 	 0
ENTRY 	 ITEM_VARIATION_GENESIS_PARTS_B 	 1
ENTRY 	 ITEM_VARIATION_GENESIS_PARTS_C 	 2
ENTRY 	 ITEM_VARIATION_GENESIS_TERM 	 3
ENTRY 	 ITEM_VARIATION_PEACHDAIKON_OFFSET 	 0xffffffff
...
ENTRY 	 ITEM_VARIATION_PEACHDAIKON_1 	 0
ENTRY 	 ITEM_VARIATION_PEACHDAIKON_2 	 1
ENTRY 	 ITEM_VARIATION_PEACHDAIKON_3 	 2
ENTRY 	 ITEM_VARIATION_PEACHDAIKON_4 	 3
ENTRY 	 ITEM_VARIATION_PEACHDAIKON_5 	 4
ENTRY 	 ITEM_VARIATION_PEACHDAIKON_6 	 5
ENTRY 	 ITEM_VARIATION_PEACHDAIKON_7 	 6
ENTRY 	 ITEM_VARIATION_PEACHDAIKON_8 	 7
ENTRY 	 ITEM_VARIATION_PEACHDAIKON_TERM 	 8
ENTRY 	 ITEM_VARIATION_DAISYDAIKON_OFFSET 	 0xffffffff
...
ENTRY 	 ITEM_VARIATION_DAISYDAIKON_1 	 0
ENTRY 	 ITEM_VARIATION_DAISYDAIKON_2 	 1
ENTRY 	 ITEM_VARIATION_DAISYDAIKON_3 	 2
ENTRY 	 ITEM_VARIATION_DAISYDAIKON_4 	 3
ENTRY 	 ITEM_VARIATION_DAISYDAIKON_5 	 4
ENTRY 	 ITEM_VARIATION_DAISYDAIKON_6 	 5
ENTRY 	 ITEM_VARIATION_DAISYDAIKON_7 	 6
ENTRY 	 ITEM_VARIATION_DAISYDAIKON_8 	 7
ENTRY 	 ITEM_VARIATION_DAISYDAIKON_TERM 	 8
ENTRY 	 ITEM_VARIATION_ST_FRUIT_OFFSET 	 0xffffffff
...
ENTRY 	 ITEM_VARIATION_ST_FRUIT_APPLE 	 0
ENTRY 	 ITEM_VARIATION_ST_FRUIT_DELICIOUS_APPLE 	 1
ENTRY 	 ITEM_VARIATION_ST_FRUIT_PEAR 	 2
ENTRY 	 ITEM_VARIATION_ST_FRUIT_DELICIOUS_PEAR 	 3
ENTRY 	 ITEM_VARIATION_ST_FRUIT_ORANGE 	 4
ENTRY 	 ITEM_VARIATION_ST_FRUIT_DELICIOUS_ORANGE 	 5
ENTRY 	 ITEM_VARIATION_ST_FRUIT_PEACH 	 6
ENTRY 	 ITEM_VARIATION_ST_FRUIT_DELICIOUS_PEACH 	 7
ENTRY 	 ITEM_VARIATION_ST_FRUIT_CHERRY 	 8
ENTRY 	 ITEM_VARIATION_ST_FRUIT_DELICIOUS_CHERRY 	 9
ENTRY 	 ITEM_VARIATION_ST_FRUIT_LEMON 	 10
ENTRY 	 ITEM_VARIATION_ST_FRUIT_MANGO 	 0xb
ENTRY 	 ITEM_VARIATION_ST_FRUIT_LYCHEE 	 0xc
ENTRY 	 ITEM_VARIATION_ST_FRUIT_BANANA 	 0xd
ENTRY 	 ITEM_VARIATION_ST_FRUIT_TERM 	 0xe
ENTRY 	 ITEM_VARIATION_ST_FRUITBOMB_OFFSET 	 0xffffffff
...
ENTRY 	 ITEM_VARIATION_ST_FRUITBOMB_DURIAN 	 0
ENTRY 	 ITEM_VARIATION_ST_FRUITBOMB_COCONUT 	 1
ENTRY 	 ITEM_VARIATION_ST_FRUITBOMB_TERM 	 2
ENTRY 	 ITEM_VARIATION_PELLET_OFFSET 	 0xffffffff
...
ENTRY 	 ITEM_VARIATION_PELLET_RED1 	 0
ENTRY 	 ITEM_VARIATION_PELLET_RED5 	 1
ENTRY 	 ITEM_VARIATION_PELLET_RED10 	 2
ENTRY 	 ITEM_VARIATION_PELLET_RED20 	 3
ENTRY 	 ITEM_VARIATION_PELLET_BLUE1 	 4
ENTRY 	 ITEM_VARIATION_PELLET_BLUE5 	 5
ENTRY 	 ITEM_VARIATION_PELLET_BLUE10 	 6
ENTRY 	 ITEM_VARIATION_PELLET_BLUE20 	 7
ENTRY 	 ITEM_VARIATION_PELLET_YELLOW1 	 8
ENTRY 	 ITEM_VARIATION_PELLET_YELLOW5 	 9
ENTRY 	 ITEM_VARIATION_PELLET_YELLOW10 	 10
ENTRY 	 ITEM_VARIATION_PELLET_YELLOW20 	 0xb
ENTRY 	 ITEM_VARIATION_PELLET_TERM 	 0xc
...
ENTRY 	 ITEM_VARIATION_PELLET_RED_BEGIN 	 0
ENTRY 	 ITEM_VARIATION_PELLET_RED_END 	 4
...
ENTRY 	 ITEM_VARIATION_PELLET_BLUE_BEGIN 	 4
ENTRY 	 ITEM_VARIATION_PELLET_BLUE_END 	 8
...
ENTRY 	 ITEM_VARIATION_PELLET_YELLOW_BEGIN 	 8
ENTRY 	 ITEM_VARIATION_PELLET_YELLOW_END 	 0xc
ENTRY 	 ITEM_VARIATION_BOMBHEI_OFFSET 	 0xffffffff
...
ENTRY 	 ITEM_VARIATION_BOMBHEI_NORMAL 	 0
ENTRY 	 ITEM_VARIATION_BOMBHEI_SUDDENDEATH 	 1
ENTRY 	 ITEM_VARIATION_BOMBHEI_TIMEBOMB 	 2
ENTRY 	 ITEM_VARIATION_BOMBHEI_EVENT 	 3
ENTRY 	 ITEM_VARIATION_BOMBHEI_ADVENTURE 	 4
ENTRY 	 ITEM_VARIATION_BOMBHEI_TERM 	 5
ENTRY 	 ITEM_VARIATION_SMARTBOMB_OFFSET 	 0xffffffff
...
ENTRY 	 ITEM_VARIATION_SMARTBOMB_NORMAL 	 0
ENTRY 	 ITEM_VARIATION_SMARTBOMB_FINALSTAGE 	 1
ENTRY 	 ITEM_VARIATION_SMARTBOMB_EVENTSTAGE 	 2
ENTRY 	 ITEM_VARIATION_SMARTBOMB_PLAYABLEROLL 	 3
ENTRY 	 ITEM_VARIATION_SMARTBOMB_TERM 	 4
ENTRY 	 ITEM_VARIATION_CROSSBOMB_OFFSET 	 0xffffffff
...
ENTRY 	 ITEM_VARIATION_CROSSBOMB_NORMAL 	 0
ENTRY 	 ITEM_VARIATION_CROSSBOMB_PLAYABLEROLL 	 1
ENTRY 	 ITEM_VARIATION_CROSSBOMB_TERM 	 2
ENTRY 	 ITEM_VARIATION_MURABITOFRUIT_OFFSET 	 0xffffffff
...
ENTRY 	 ITEM_VARIATION_MURABITOFRUIT_APPLE 	 0
ENTRY 	 ITEM_VARIATION_MURABITOFRUIT_PEAR 	 1
ENTRY 	 ITEM_VARIATION_MURABITOFRUIT_PEACH 	 2
ENTRY 	 ITEM_VARIATION_MURABITOFRUIT_ORANGE 	 3
ENTRY 	 ITEM_VARIATION_MURABITOFRUIT_CHERRY 	 4
ENTRY 	 ITEM_VARIATION_MURABITOFRUIT_TERM 	 5
ENTRY 	 ITEM_VARIATION_ROBOTGYRO_OFFSET 	 0xffffffff
...
ENTRY 	 ITEM_VARIATION_ROBOTGYRO_1P 	 0
ENTRY 	 ITEM_VARIATION_ROBOTGYRO_2P 	 1
ENTRY 	 ITEM_VARIATION_ROBOTGYRO_3P 	 2
ENTRY 	 ITEM_VARIATION_ROBOTGYRO_4P 	 3
ENTRY 	 ITEM_VARIATION_ROBOTGYRO_5P 	 4
ENTRY 	 ITEM_VARIATION_ROBOTGYRO_6P 	 5
ENTRY 	 ITEM_VARIATION_ROBOTGYRO_7P 	 6
ENTRY 	 ITEM_VARIATION_ROBOTGYRO_8P 	 7
ENTRY 	 ITEM_VARIATION_ROBOTGYRO_TERM 	 8
ENTRY 	 ITEM_VARIATION_ST_ICE_YASAI_OFFSET 	 0xffffffff
...
ENTRY 	 ITEM_VARIATION_ST_ICE_YASAI_CORN 	 0
ENTRY 	 ITEM_VARIATION_ST_ICE_YASAI_HAKUSAI 	 1
ENTRY 	 ITEM_VARIATION_ST_ICE_YASAI_POTATO 	 2
ENTRY 	 ITEM_VARIATION_ST_ICE_YASAI_PUMPKIN 	 3
ENTRY 	 ITEM_VARIATION_ST_ICE_YASAI_TURNIP 	 4
ENTRY 	 ITEM_VARIATION_ST_ICE_YASAI_MUSHROOM 	 5
ENTRY 	 ITEM_VARIATION_ST_ICE_YASAI_CABBAGE 	 6
ENTRY 	 ITEM_VARIATION_ST_ICE_YASAI_CUCUMBER 	 7
ENTRY 	 ITEM_VARIATION_ST_ICE_YASAI_EGGPLANT 	 8
ENTRY 	 ITEM_VARIATION_ST_ICE_YASAI_CARROT 	 9
ENTRY 	 ITEM_VARIATION_ST_ICE_YASAI_TERM 	 10
ENTRY 	 ITEM_VARIATION_PITFALL_OFFSET 	 0xffffffff
...
ENTRY 	 ITEM_VARIATION_PITFALL_NORMAL 	 0
ENTRY 	 ITEM_VARIATION_PITFALL_LIOLEUS 	 1
ENTRY 	 ITEM_VARIATION_PITFALL_TERM 	 2
ENTRY 	 ITEM_VARIATION_DEKU_OFFSET 	 0xffffffff
...
ENTRY 	 ITEM_VARIATION_DEKU_NORMAL 	 0
ENTRY 	 ITEM_VARIATION_DEKU_LIOLEUS 	 1
ENTRY 	 ITEM_VARIATION_DEKU_TERM 	 2
ENTRY 	 ITEM_VARIATION_ROCKETBELT_OFFSET 	 0xffffffff
...
ENTRY 	 ITEM_VARIATION_ROCKETBELT_NORMAL 	 0
ENTRY 	 ITEM_VARIATION_ROCKETBELT_ADVENTURE 	 1
ENTRY 	 ITEM_VARIATION_ROCKETBELT_TERM 	 2
ENTRY 	 ITEM_VARIATION_HAMMER_OFFSET 	 0xffffffff
...
ENTRY 	 ITEM_VARIATION_HAMMER_NORMAL 	 0
ENTRY 	 ITEM_VARIATION_HAMMER_NO_HAZURE 	 1
ENTRY 	 ITEM_VARIATION_HAMMER_TERM 	 2
ENTRY 	 ITEM_VARIATION_BOSS_COMMON_OFFSET 	 0xffffffff
...
ENTRY 	 ITEM_VARIATION_BOSS_COMMON_STANDARD 	 0
ENTRY 	 ITEM_VARIATION_BOSS_COMMON_TERM 	 1
...
ENTRY 	 ITEM_VARIATION_MASTERHAND_OFFSET 	 0
ENTRY 	 ITEM_VARIATION_MASTERHAND_CRAZYHAND_STANDARD 	 1
ENTRY 	 ITEM_VARIATION_MASTERHAND_ADVENTURE1 	 2
ENTRY 	 ITEM_VARIATION_MASTERHAND_ADVENTURE2 	 3
ENTRY 	 ITEM_VARIATION_MASTERHAND_ADVENTURE3 	 4
ENTRY 	 ITEM_VARIATION_MASTERHAND_TERM 	 5
...
ENTRY 	 ITEM_VARIATION_CRAZYHAND_OFFSET 	 0
ENTRY 	 ITEM_VARIATION_CRAZYHAND_MASTERHAND_STANDARD 	 1
ENTRY 	 ITEM_VARIATION_CRAZYHAND_ADVENTURE1 	 2
ENTRY 	 ITEM_VARIATION_CRAZYHAND_ADVENTURE2 	 3
ENTRY 	 ITEM_VARIATION_CRAZYHAND_ADVENTURE3 	 4
ENTRY 	 ITEM_VARIATION_CRAZYHAND_TERM 	 5
...
ENTRY 	 ITEM_VARIATION_DRACULA_OFFSET 	 0
ENTRY 	 ITEM_VARIATION_DRACULA_SOLO_DEBUG 	 1
ENTRY 	 ITEM_VARIATION_DRACULA_TERM 	 2
ENTRY 	 ITEM_VARIATION_MARX_PLANT_BODY_OFFSET 	 0xffffffff
...
ENTRY 	 ITEM_VARIATION_MARXPLANTBODY_MARXPLANTBODY_1 	 0
ENTRY 	 ITEM_VARIATION_MARXPLANTBODY_MARXPLANTBODY_2 	 1
ENTRY 	 ITEM_VARIATION_MARXPLANTBODY_MARXPLANTBODY_3 	 2
ENTRY 	 ITEM_VARIATION_MARX_PLANT_BODY_TERM 	 3
...
ENTRY 	 ITEM_VARIATION_KIILA_OFFSET 	 0
ENTRY 	 ITEM_VARIATION_KIILA_LIGHTMAP 	 1
ENTRY 	 ITEM_VARIATION_KIILA_FINALMAP 	 2
ENTRY 	 ITEM_VARIATION_KIILA_DARZ 	 3
ENTRY 	 ITEM_VARIATION_KIILA_TERM 	 4
...
ENTRY 	 ITEM_VARIATION_DARZ_OFFSET 	 0
ENTRY 	 ITEM_VARIATION_DARZ_DARKMAP 	 1
ENTRY 	 ITEM_VARIATION_DARZ_FINALMAP 	 2
ENTRY 	 ITEM_VARIATION_DARZ_KIILA 	 3
ENTRY 	 ITEM_VARIATION_DARZ_TERM 	 4
...
ENTRY 	 ITEM_VARIATION_PLAYABLE_MASTERHAND_OFFSET 	 0
ENTRY 	 ITEM_VARIATION_PLAYABLE_MASTERHAND_BONUS 	 1
ENTRY 	 ITEM_VARIATION_PLAYABLE_MASTERHAND_KUMITE 	 2
ENTRY 	 ITEM_VARIATION_PLAYABLE_MASTERHAND_TERM 	 3
ENTRY 	 ITEM_STATUS_WORK_INT_PRE_START 	 0x10ffffff
ENTRY 	 ITEM_STATUS_WORK_INT_0 	 0x11000000
ENTRY 	 ITEM_STATUS_WORK_INT_1 	 0x11000001
ENTRY 	 ITEM_STATUS_WORK_INT_2 	 0x11000002
ENTRY 	 ITEM_STATUS_WORK_INT_3 	 0x11000003
ENTRY 	 ITEM_STATUS_WORK_INT_4 	 0x11000004
ENTRY 	 ITEM_STATUS_WORK_INT_5 	 0x11000005
ENTRY 	 ITEM_STATUS_WORK_INT_NO_RHOMBUS_UPDATE_COUNT 	 0x11000006
ENTRY 	 ITEM_STATUS_WORK_INT_TERM 	 0x11000007
...
ENTRY 	 ITEM_STATUS_WORK_INT_NUM 	 7
ENTRY 	 ITEM_STATUS_WORK_FLOAT_PRE_START 	 0xffffff
ENTRY 	 ITEM_STATUS_WORK_FLOAT_0 	 0x1000000
ENTRY 	 ITEM_STATUS_WORK_FLOAT_1 	 0x1000001
ENTRY 	 ITEM_STATUS_WORK_FLOAT_2 	 0x1000002
ENTRY 	 ITEM_STATUS_WORK_FLOAT_3 	 0x1000003
ENTRY 	 ITEM_STATUS_WORK_FLOAT_4 	 0x1000004
ENTRY 	 ITEM_STATUS_WORK_FLOAT_5 	 0x1000005
ENTRY 	 ITEM_STATUS_WORK_FLOAT_TERM 	 0x1000006
...
ENTRY 	 ITEM_STATUS_WORK_FLOAT_NUM 	 6
ENTRY 	 ITEM_STATUS_WORK_FLAG_PRE_START 	 0x20ffffff
ENTRY 	 ITEM_STATUS_WORK_FLAG_USE_SPEED_POWER 	 0x21000000
ENTRY 	 ITEM_STATUS_WORK_FLAG_DAMAGE 	 0x21000001
ENTRY 	 ITEM_STATUS_WORK_FLAG_DEAD 	 0x21000002
ENTRY 	 ITEM_STATUS_WORK_FLAG_HIT 	 0x21000003
ENTRY 	 ITEM_STATUS_WORK_FLAG_NEAR_TARGET 	 0x21000004
ENTRY 	 ITEM_STATUS_WORK_FLAG_FOUND 	 0x21000005
ENTRY 	 ITEM_STATUS_WORK_FLAG_LOT_CREATE_BOMB 	 0x21000006
ENTRY 	 ITEM_STATUS_WORK_FLAG_MOVE 	 0x21000007
ENTRY 	 ITEM_STATUS_WORK_FLAG_TERM 	 0x21000008
...
ENTRY 	 ITEM_STATUS_WORK_FLAG_NUM 	 8
